"Coauthor","Paper","Journal","AuthorID","PaperID"
"LisaHBerg","Bringing electronic mail to the masses phase I: Eudora ","SIGUCCS Special Interest Group University and Computing Services","10","1"
"","World Wide Web development at Notre Dame: it's easier to ask forgiveness than permission ","SIGUCCS Special Interest Group University and Computing Services","10","2"
"","Managing Macs made painless: leveraging the right tools for the job ","SIGUCCS Special Interest Group University and Computing Services","10","3"
"BerndHamann;CarolLHunter;CharlesDHansen;MichaelCox;RogerCrawfis","Terascale visualization: approaches, pitfalls and issues panel ","IEEE Visualization","11","4"
"BerndHamann;JFritzBarnes;WilliamCWynn","Multiresolution and Adaptive Rendering Techniques for Structured, Curvilinear Data ","Scientific Visualization","11","5"
"LJayWantz","Educational Metadata in Use ","Computer Networks","12","6"
"LJayWantz","COOL Links: Ride the Wave ","Computer Networks","12","7"
"JRyan;XSlamin","Integral sum numbers of cocktail party graphs and symmetric complete bipartite graphs,","Bulletin of ICA","1","8"
"MBaca;JAMacDougall;XSlamin;WDWallis","A survey of certain valuations of graphs,","Discussiones Mathematicae Graph Theory","1","9"
"XSlamin","On the monotonicity of minimum diameter with respect to order and maximum out-degree,","Proceedings of COCOON Computing and Combinatorics Sydney Lecture Notes Computer Science D Z Du P Eades V Estivill Castro X Lin eds","1","10"
"ETBaskoro;JSiran;MSutton","Complete characterisation of almost Moore digraphs of degree three,","Journal of Graph Theory","1","11"
"MBaca","Antimagic valuations of generalized Petersen graphs,","Australasian Journal of Combinatorics","1","12"
"LBrankovic;PHorak;GWrightson","Usability of compromise-free statistical databases,","Proceedings of the Ninth International Conference Scientific and Statistical Database Management","1","13"
"ETBaskoro;JPlesnik;SZnam","Digraphs of degree close to Moore bound,","J Graph Theory","1","14"
"MBaca;YLin","On two conjectures concerning a,d -antimagic labeling of antiprisms,","JCMCC","1","15"
"LBrankovic;JSiran","Usability of k-commpromise-free statistical databases,","Proceedings of AWOCA Hunter Valley","1","16"
"ETBaskoro;JPlesnik","Further results on almost Moore digraphs,","Ars Combinatoria","1","17"
"","Open problems in graph theory: Labelings and extremal graphs, Plenary Address in Combinatorics, Prosiding Komperensi Nasional X Matematika,","ITB Bandung Jurnal MIHMI","1","18"
"LBrankovic","Spectrum of premature partial latin squares,","Proceedings of AWOCA Perth","1","19"
"MSutton","On the sum number of wheels,","Discrete Mathematics","1","20"
"JRyan;XSlamin;KSugeng;MTuga","Open problems in exclusive sum graph labeling,","Proceedings of the Fourteenth Australasian Workshop Combinatorial Algorithms Seoul Korea","1","21"
"LBrankovic;JCooper","Utilising secret sharing for access to medical databases,","HICS Conference Adelaide","1","22"
"MSutton;JRyan;XSlamin","Open problems in mod sum graphs,","Proceedings of AWOCA","1","23"
"IRoberts;JSimpson","Application of symmetric chains to an optimization problem in the security of statistical databases,","Bulletin of ICA Volume","1","24"
"LBrankovic;JSiran","Towards a practical auditing method for the prevention of statistical database compromise,","Seventh Australasian Database Conference Proceedings Australian Computer Science Communications","1","25"
"MSutton","Using graph labellings to store linkages in relational databases,","Proceedings of AWOCA Hunter Valley","1","26"
"EChang;CColman;WEe","Comparison of Industry-Sited Projects and University-Sited Projects for Final Year Students,"," International Conference Software Engineering Research and Practice SERP Las Vegas","1","27"
"WDWallis;ETBaskoro;XSlamin","Edge-magic total labelings,","Australasian Journal of Combinatorics","1","28"
"CatherineColman;ElizabethChang;WanEe","Comparison of Industry-Sited Projects and University-Sited Projects for Final Year Students ","Software Engineering Research and Practice","1","29"
"GrahamWrightson;LjiljanaBrankovic;PeterNorak","Usability of Compromise-Free Statistical Databases","SSDBM Statistical and Scientific Database Management","1","30"
"EDahlhaus;PManuel","A characterisation of strongly chordal graphs,","Discrete Mathematics","1","31"
"JAMacDougall;XSlamin;WDWallis","Vertex-magic total labelings of graphs,","Utilitas Math","1","32"
"EDahlhaus;JRyan","Komplexitat von Eisenbahnrangierproblemen,","Kolloquium uber Kombinatorik Braunschweig","1","33"
"JAMacDougall;WWallis","Vertex-magic total labelings of wheels and related graphs,","Utilitas Math","1","34"
"EDahlhaus;FManne;JRyan","Algorithms for combinatorial problems related to train marshalling,","Proceedings of AWOCA Hunter Valley","1","35"
"BDMcKay;JSiran","A note on large graphs of diameter two and given maximum degree,","J Combinatorial Theory","1","36"
"KedsPark","","Proceedings of the Fourteenth Australasian Workshop Combinatorial Algorithms Seoul Korea","1","37"
"HMNguyen;XSlamin","Construction techniques for diregular and non-diregular large directed networks,","Proceedings of AWOCA Frazer Island","1","38"
"JSiran","Digraphs of degree two which miss the Moore bound by two,","Discrete Mathematics","1","39"
"CARodger;RSimanjuntak","Distance magic labelings of graphs,","Australasian J Combin","1","40"
"JRyan;XSlamin;WFSmyth","Labelling wheels for minimum sum number,","JCMCC","1","41"
"JGimbert;JSiran;XSlamin","Almost Moore digraphs are diregular,","Discrete Mathematics","1","42"
"","A model of statistical database compromise incorporating supplementary knowledge, in Databases in the 's - , ","","1","43"
"ETBaskoro;PManuel;JRyan;MSutton","Generalized clique covering in circular arc graphs,","Proceedings of AWOCA Darwin","1","44"
"ETBaskoro;LBrankovic;JPlesnik;JRyan;JSiran","Large digraphs with small diameter: A voltage assignment approach,","JCMCC","1","45"
"EBaskoro;XSurahmat;SMNababan","On Ramsey numbers for trees versus wheels of five or six vertices,","Graphs and Combinatorics","1","46"
"JAMacDougall;XSlamin;WDWallis","Problems in magic total labellings,","Proceedings of AWOCA Perth","1","47"
"ETBaskoro","On the construction of networks with minimum diameter,","Proceedings of the th Australian Computer Science Conference","1","48"
"IRoberts;JSimpson","Prevention of relative compromise using Audit Expert,","Bulletin of ICA","1","49"
"ETBaskoro;JPlesnik","On the structure of digraphs with order close to the Moore bound,","Graphs and Combinatorics","1","50"
"JCooper","Security considerations for present and future medical databases,","re printed by the IMIA Yearbook of Medical Informatics","1","51"
"ETBaskoro;JSiran","A note on almost Moore digraphs of degree three,","Acta Mathematica Universitatis Comenianae LXVI","1","52"
"JCooper","Security considerations for present and future medical databases,","International Journal of Bio Medical Computing","1","53"
"ETBaskoro","Open problems in constructing digraphs with minimal diameter,","Proceedings of the th AWOCA Ubud","1","54"
"","Security issues in medical databases,","HIANSW Third Annual Conference Hunter Valley","1","55"
"ETBaskoro","A procedure for constructing a minimum-diameter digraph,","Bulletin of ICA","1","56"
"","Some open problems in optimal digraphs,","Tatra Mountains Mathematical Publications","1","57"
"EDahlhaus;PManuel","Maximum h-colorable subgraph problem in balanced graphs,","Information Processing Letters","1","58"
"ETBaskoro;JPlesnik;SZnam","Regular digraphs of diameter and maximum order,","Australasian Journal of Combinatorics","1","59"
"JRyan;WFSmyth","The sum number of a disjoint union of graphs,","Proceedings of the Fourteenth Australasian Workshop Combinatorial Algorithms Seoul Korea","1","60"
"EDahlhaus;PManuel","Parallel algorithms for generalised clique transversal problems,","Ars Combinatoria","1","61"
"FBertault","Extended graph model for software visualization,","Proceedings of SoftVis Sydney","1","62"
"JRyan;WSmyth","The sum number of the cocktail party graph,","Bulletin of ICA","1","63"
"EliasDahlhaus;JosephFRyan;PeterHorak","The train marshalling problem ","Discrete Applied Mathematics","1","64"
"JGimbert;FRuskey;JRyan","Iterations of eccentric digraphs,","Proceedings of AWOCA Frazer Island","1","65"
"EliasDahlhaus;JanKratochv&iacute;l;PaulDManuel","Transversal Partitioning in Balanced Hypergraphs ","Discrete Applied Mathematics","1","66"
"SMorris;JCooper;DBomba;LBrankovic;FPacecho","Australian healthcare: a smart card for a clever country,","International Journal of Bio Medical Computing","1","67"
"EDahlhaus;JKratochvil;PManuel","Transversal partitioning in balanced hypergraphs,","Proceedings of the Twente Workshop Graphs and Combinatorial Optimization Enschede The","1","68"
"AnnaDraganova;MartinSutton","Mod sum number of wheels ","Ars Comb","1","69"
"PEades;HElGindy;MHoules;BLenhart;DRappaport;SWhitesides","Dominance drawing of bipartite graphs,","Proceedings of the Fifth Conference Computational Geometry","1","70"
"PEades;MKeil;PManuel","Two dominating sets with minimum intersection in chordal graphs,","Nordic Journal of Computing","1","71"
"ZFeng","Data integrity in relational databases,","Proceedings of th New Zealand Annual Computer Science Conference","1","72"
"ZFeng;YJia","Null values in relational DBMS, in Databases in the 's B Srinivasan and J Zeleznikow ed ,","World Scientific","1","73"
"FBertault","An algorithm for drawing compound graphs,","Lecture Notes Computer Science ed Kratochvil","1","74"
"JBoland","Eccentric digraph of a digraph,","Proceedings of AWOCA Bandung Indonesia","1","75"
"JBoland;FBuckley","Eccentric Digraphs,","Discrete Mathematics","1","76"
"HNagamochi;XSlamin","Bounds on the number of isolates in sum graph labeling,","Discrete Mathematics","1","77"
"DBomba;LBrankovic;JCooper;SMorris;FPacecho","Data Inference in Medical Databases,","Inaugural Conference of the Asia Pacific Association of Medical Informatics","1","78"
"DavidRappaport;HossamAElGindy;MichaelEHoule;SueWhitesides;WilliamLenhart","Dominance Drawings of Bipartite Graphs ","CCCG Canadian Conference Computational Geometry","1","79"
"DBomba;LBrankovic;JCooper;SMorris;FPacecho","Security Measurement and Medical Databases,","Inaugural Conference of the Asia Pacific Association of Medical Informatics","1","80"
"AlexanderRosa;LjiljanaBrankovic;PeterHorak","Premature partial latin squares ","Ars Comb","1","81"
"DBomba;LBrankovic;JCooper;SMorris;FPacecho","Australian Healthcare: Smart Card for a Clever Country,","Inaugural Conference of the Asia Pacific Association of Medical Informatics","1","82"
"JenniferSeberry","Relative Compromise of Statistical Databases ","Australian Computer Journal","1","83"
"LjiljanaBrankovic;PeterHorak","A Combinatorial Problem in Database Security ","Discrete Applied Mathematics","1","84"
"RSimanjuntak","Largest planar digraphs of diameter two,","Proceedings of AWOCA Frazer Island","1","85"
"LBrankovic;DBomba;JCooper;SMorris;FPacecho","Confidentiality of patient records and the data inference problem,","HICS Conference Adelaide","1","86"
"RSimanjuntak","Survey of a,d -antimagic graph labelings, Prosiding Komperensi Nasional X Matematika, ITB Bandung, July ,","Jurnal MIHMI","1","87"
"ZFeng;YJia","Nulls in relational DBMS,","Proceedings DBIS Sydney","1","88"
"LBrankovic;PLieby","Flattening antichains with respect to the volume,","Electronic Journal of Combinatorics R","1","89"
"RSimanjuntak;FBertault","Two new a,d antimagic labelings,","Proceedings of AWOCA Hunter Valley","1","90"
"ZFeng;YJia","An multivalued approach to relational DBMS,","Proceedings of the Far East Conference Future Databases Kyoto","1","91"
"LBrankovic;JSiran","Graphs, - matrices and usability of statistical databases,","Congr Numer","1","92"
"JozefSiran;LjiljanaBrankovic","Towards a Practical Auditing Method for the Prevention of Statistical Database Compromise ","Australasian Database Conference","1","93"
"ZFeng;IFris","An enhancement of domain integrity in relational database,","Proceedings of International Conference for Young Computer Scientists Beijing","1","94"
"MBaca;YLin;MZYoussef","Edge-antimagic graphs","Discrete Mathematics","1","95"
"XSlamin;MBaca;YLin;RSimanjuntak","Edge-magic total labelings of wheels, fans and friendship graphs,","Bulletin of ICA","1","96"
"ZFeng;MZhang","An intelligent database model,","Third International Conference for Young Computer Scientists Beijing","1","97"
"MBaca","d-antimagic labelings of plane graphs,","Proceedings of AWOCA Hunter Valley","1","98"
"XSlamin","Diregularity of digraphs close to Moore bound, Prosiding Komperensi Nasional X Matematika,","ITB Bandung Jurnal MIHMI","1","99"
"ZFeng;HDai","A proposal towards data integrity subsystem for relational databases,","Proceedings of Baltic International Conference Database Method Riga","1","100"
"MBaca","Valuations of a certain class of convex polytopes,","JCMCC","1","101"
"Fran&ccedil;oisBertault","An Algorithm for Drawing Compound Graphs ","Graph Drawing","1","102"
"MBaca;YLin","Valuations of plane quartic graphs,","JCMCC","1","103"
"IvanFris","Minimum Diameter of Diregular Digraphs of Degree ","Comput J","1","104"
"MBaca;XSlamin","Vertex-magic total labelings of generalized Petersen graphs,","Int J of Computer Mathematics Issue","1","105"
"PHorak;LBrankovic","Combinatorial problem in data security,","Discrete Applied Mathematics","1","106"
"MBaca;FBertault;JAMacDougall;RSimanjuntak;XSlamin","Vertex-antimagic total labelings of graphs,","Discussiones Mathematicae Graph Theory","1","107"
"CIliopoulos;BedsSmyth",""," th Australasian Workshop Combinatorial Algorithms Special Issue Int J of Computer Mathematics Issue","1","108"
"MBaca;XSlamin","Every generalized Petersen graph has a vertex-magic total labeling,","Proceedings of AWOCA Hunter Valley","1","109"
"MBaca","On d-magic labelings of type , , for prisms,","JCMCC","1","110"
"YingxianJia;ZhuopengFeng","A Multivalued Approach to Handle Nulls in RDB ","Future Databases","1","111"
"MBaca;ETBaskoro","On d-antimagic labelings of honeycomb,","Proceedings of AWOCA Bandung Indonesia","1","112"
"LBrankovic;JPlesnik;JRyan;JSiran","Large graphs with small diameter: A voltage assignment approach,","Australasian Journal of Combinatorics","1","113"
"LBrankovic;AFurche;GWrightson","NewCash - Anonymous payments with receipts,","Proceedings of SICON","1","114"
"LBrankovic","An application of combinatorics to the security of statistical databases,"," th Conference of the Austr Math Society Armidale requested for publication Australian Mathematical Society Gazette","1","115"
"XSlamin;ETBaskoro","Diregularity of digraphs of out-degree three and order two less than Moore bound,","Proceedings of AWOCA Bandung Indonesia","1","116"
"LjiljanaBrankovic;PeterHorak","An Optimization Problem in Statistical Databases ","SIAM Society for Industrial and Applied Mathematics J Discrete Math","1","117"
"Slamin","On the Monotonicity of Minimum Diameter with Respect to Order and Maximum Out-Degree ","COCOON Computing and Combinatorics","1","118"
"LBrankovic;PHorak","An optimisation problem in statistical database security,","SIAM Society for Industrial and Applied Mathematics Journal Discrete Mathematics","1","119"
"XSlamin","On two conjectures concerning vertex-magic total labeling of generalized Petersen graphs,","Bulletin of ICA","1","120"
"LBrankovic;JSiran","On range query usability of statistical databases,","Int J of Computer Mathematics Issue","1","121"
"XSlamin","Open problems in sum and integral sum graph labellings,","Proceedings of AWOCA","1","122"
"LBrankovic;JPlesnik;JRyan;JSiran","A note on constructing large Cayley graphs of given degree and diameter by voltage assignment,","Electronic Journal of Combinatorics R","1","123"
"XSlamin","Sum graph labelling and related problems,","Jurnal MIHMI","1","124"
"LBrankovic","Introduction to Statistical Database Security, Special Issue,","Selected Topics of Cryptography and Information Security Communications of the CCISA","1","125"
"KSugeng;MBaca"," a,d -edge-antimagic total labeling,","Indonesia Conference Computational Geometry and Graph Theory Bandung Indonesia","1","126"
"AVKelarev;OSokratova","Directed graphs and closure properties for languages,","Proceedings of AWOCA Bandung Indonesia","1","127"
"LBrankovic","Open problems in the security of statistical databases,","Proceedings of AWOCA","1","128"
"KASugeng","Open problems in secret sharing,","Proceedings of AWOCA Frazer Island","1","129"
"JanKratochv&iacute;l;PaulDManuel","Generalized Domination in Chordal Graphs ","Nordic Journal of Computing","1","130"
"LBrankovic;PHorak;ARosa","Premature partial latin squares,","Ars Combinatoria","1","131"
"MSutton;JRyan;XSlamin","Connected graphs which are not mod sum graphs,","Discrete Mathematics","1","132"
"JKratochvil;PManuel;AProskurowski","Disjoint and unfolding domination in graphs,","Australasian Journal of Combinatorics","1","133"
"MSutton","Mod sum graph labelling of Hmn and Kn,","Australasian Journal of Combinatorics","1","134"
"JKratochvil;PManuel","Generalized domination in chordal graphs,","Nordic Journal of Computing","1","135"
"MSutton;ADraganova","Mod sum number of wheels,","Ars Combinatoria","1","136"
"JKratochvil;HNNguyen","Sum graph labels - an upper bound and related problems,","Proceedings of AWOCA Bandung Indonesia","1","137"
"YLin;CRodger","Edge connectivity of cages,","Proceedings of AWOCA Bandung Indonesia","1","138"
"YLin","Generalisations of directed Moore graphs,","Proceedings of AWOCA Frazer Island","1","139"
"YLin","Vertex magic total labellings of complete graphs,","Bulletin of ICA","1","140"
"YLin;RSimanjuntak;XSlamin","Magic and antimagic labelings of wheels,","Proceedings of AWOCA Hunter Valley","1","141"
"YLin;XSlamin;MBaca","On $d$-antimagic labelings of prisms,","Ars Combin","1","142"
"MBaca;JRyan","On d-antimagic labelings of prisms and antiprisms,","Proceedings of AWOCA Bandung Indonesia","1","143"
"MBaca;YLin;RSimanjuntak","New constructions of magic and antimagic graph labelings,","Utilitas Math","1","144"
"MBaca;SJendrol;JRyan","On irregular total labelings","Discrete Mathematics","1","145"
"IFris","Maximum order digraphs for diameter or degree , Pullman volume of Graphs and Matrices,","Lecture Notes Pure and Applied Mathematics","1","146"
"MBaca","Antimagic face labeling of convex polytopes based on biprisms,","Journal of Combinatorial Mathematics and Combinatorial Computing","1","147"
"CRodger;RSimanjuntak","On distance magic graphs,","Proceedings of AWOCA Bandung Indonesia","1","148"
"MBaca;SJendrol;JRyan","Antimagic labelings of generalised Petersen graphs that are plane,","Ars Combinatoria","1","149"
"BPascoe;IRoberts","An Expert System for security of statistical databases,","IJCAI International Joint Conference Artificial Intelligence Workshop Integrating Artificial Intelligence into Databases Sydney","1","150"
"MBaca;ETBaskoro;SJendrol","Antimagic labelings of hexagonal plane maps,","Utilitas Math","1","151"
"GaryChristensen;MIMiller;YAmit;UGrenander","Global Shape Models for Anatomical Structures,","Poor and Schwartz editors Proceedings of the th Conference Information Sciences and Systems University","2","152"
"GEChristensen;SCJoshi;MIMiller","Volumetric Transformation of Brain Anatomy,","IEEE Transactions Medical Imaging","2","153"
"GaryChristensen;MichaelIMiller;MichaelWVannier;UlfGrenander","Individualizing Neuroanatomical Atlases Using a Massively Parallel Computer,","IEEE Computer","2","154"
"GaryEChristensen;MichaelVannier;UlfGrenander","Individualizing Neuroanatomic Atlases Using a Massively Parallel Computer ","IEEE Computer","2","155"
"MichaelIMiller","Method and apparatus for image registration,","United States Patent US Patent Office","2","156"
"GEChristensen;SCJoshi;MIMiller","Individualizing Anatomical Atlases of the Head,","Proc th Intl Conf Visualization Biomedical Computing","2","157"
"MIMiller;TJSchaewe;CSBosch;JJHAckerman","A Mathematical Signal Model for Phase and Frequency Encoded Magnetic Resonance Imaging Data,","J Magn Reson series B","2","158"
"GaryChristensen;MIMiller;JLMarsh;MWVannier","Automatic Analysis of Medical Images Using a Deformable Textbook,","","2","159"
"MichaelIMiller;GaryEChristensen;YaliAmit;UlfGrenander","Mathematical Textbook of Deformable Neuroanatomies,","Proceedings of the National Academy of Science","2","160"
"GaryChristensen;RDRabbitt;MIMiller;SCJoshi;UGrenander;TCoogan;DVanEssen","Topological properties of smooth anatomic maps,","Y Bizais C Braillot and R Di Paola editors Information Processing Medical Imaging th International Conference Kluwer Academic Publishers","2","161"
"MIMiller;DLSnyder;SMMoore","An Evaluation of the Use of Sieves for Producing Estimates of Radioactivity Distributions with the EM Algorithm for Positron Emission Tomography,","IEEE Trans Nucl Sci","2","162"
"MCooper;UlfGrenander;MichaelMiller;AnujSrivastava","Accommodating Geometric and Thermodynamic Variability For Forward-Looking Infrared Sensors,","Proc SPIE The International Society for Optical Engineering Algorithms for Synthetic Aperture Radar IV E Zelnio Ed","2","163"
"MIMiller;DLSnyder","An Alternating Maximization of the Entropy/Likelihood Function for Image Reconstruction and Spectrum Estimation,","Proc SPIE The International Society for Optical Engineering Advanced Architectures and Algorithms","2","164"
"MCooper;ASrivastava;MIMiller","Quadratic Analysis of Information Measures for Object Recognition,","SPIE The International Society for Optical Engineering","2","165"
"MIMiller;DRFuhrmann","An EM Algorithm for Direction-of-Arrival Estimation for Narrowband Signals in Noise,","Proc SPIE The International Society for Optical Engineering Advanced Algorithms and Architectures for Signal Process","2","166"
"MatthewCooper;MichaelMiller","Information Gain in Object Recognition Via Sensor Fusion,","Proc of the Intl Conf Multisource Multisensor Information Fusion","2","167"
"MIMiller;KBLarson;JESaffitz;DLSnyder;LJThomas;BRoysam","A New Method for Analysis of Electron Microscopic Autoradiographs,","Biotechniques","2","168"
"MIMiller;JWang","A New Stochastic Model for Auditory-Nerve Discharge,","J Acoust Soc Am","2","169"
"MIMiller;ATrouve;LYounes","On the Metrics and Euler-Lagrange Equations of Computational Anatomy,","Annual Review of biomedical Engineering","2","170"
"MIMiller","Application of Likelihood and Entropy for Toeplitz Constrained Covariance Estimation,","Maximum Entropy and Bayesian Methods Science and Engineering Kluwer Academic Publishers","2","171"
"MCooper;MIMiller","Information Measures for Object Recognition,","SPIE The International Society for Optical Engineering Conference Algorithms for Synthetic Aperture Radar Imagery V","2","172"
"MCooper;MIMiller","Information Measures for Object Recognition Accommodating Signature Variability,","IEEE Transactions Information Theory pages","2","173"
"MCooper;AaronLanterman;SarangJoshi;MichaelMiller","Representing The Variation of Thermodynamic State Via Principal Components Analysis,","Proc Third Workshop Conventional Weapon ATR U S Army Missile Command","2","174"
"JohnGCsernanskuy;LeiWang;PhD;JeffreySwank;ChinChinTing;jPhilipMiller;MichaelIMiller;JohnCMorris","Hippocampal Volume and shape Variation Predicts Cognitive Decline in Nondemented Elder Subjects,","World Congress","2","175"
"MIMiller;MBSachs","Representation of Voice Pitch in Discharge Patterns of Auditory-Nerve Fibers,","Hearing Res","2","176"
"JohnGCsernansky;MathewKSchindler;NReaganSplinter;LeiWang;MohktarGado;LynnDSelemon;DevnaRastogi-Cruz;JoelAPosener;PaulAThompson;MichaelIMiller","Abnormalities of Thalamic Volume and Shape in Schizophrenia,","American Journal of Psychiatry","2","177"
"MIMiller;MBSachs","Representation of Stop Consonants in the Discharge Patterns of Auditory-Nerve Fibers,","J Acoust Soc Am","2","178"
"JohnGCsernansky;JohnWHaller;AyanashuBanerjee;LeiWang;SarangCJoshi;GaryEChristensen;MokhtarGado;MichaelWVannier;MichaelIMiller","A Comparison of the Hippocampus in Schizophrenia and Control Subjects using Automated Methods for Neuromorphometry,","Schizophrenia Research","2","179"
"MIMiller","Strategies for the Representation of Broadband Stimuli in the Discharge Patterns of Auditory Nerve Fibers,","Proc NATO Advanced Res Workshop Auditory Frequency Selectivity Auditory Frequency Selectivity","2","180"
"JohnGCsernansky;JohnWHaller;AyanashuBanerjee;LeiWang;SarangCJoshi;GaryEChristensen;MokhtarGado;MichaelWVannier;MichaelIMiller","A Comparison of the Hippocampus in Schizophrenia and Control Subjects Using Automated Methods for Neuromorphometry ,"," th Annual Meeting of the ACNP San Juan Puerto Rico","2","181"
"MIMiller;PEBarta;MBSachs","Strategies for the Representation of a Tone in Background Noise in the Temporal Aspects of the Discharge Patterns of Auditory-Nerve Fibers,","J Acoust Soc Am","2","182"
"JohnGCsernansky;LeiWang;SarangCJoshi;MokhtarGado;JohnGMorris;MichaelIMiller","A Computerized Brain Mapping Method for Detailed Analyses of Neuroanatomical Shapes and Volumes,","International Journal of Psychopharmacology Suppl S","2","183"
"YAmit;MIMiller","Large Deviations for Coding Markov Chains and Gibbs Random Fields,","IEEE Trans Inform Theory","2","184"
"AyananshuBanerjee;GaryChristensen;SarangJoshi;NavinKhaneja;UGrenander;LarissaMatejic","Statistical Methods in Computational Anatomy,","Statistical Methods Medical Research","2","185"
"JohnGCsernansky;LeiWang;SarangCJoshi;MokhtarGado;JohnGMorris;MichaelIMiller","Hippocampal Deformities Detected in Schizophrenia and Alzheimer's Disease by High Dimensional Brain Mapping,","European Neuropsychopharmacology Suppl S","2","186"
"YAmit;MIMiller","Large Deviations for the Asymptotics of Ziv-Lempel Codes for -D Gibbs Fields,","IEEE Trans Inform Theory","2","187"
"MIMiller;KEMark","A Statistical Study of Cochlear Nerve Discharge Patterns in Response to Complex Speech Stimuli,","J Acoust Soc Am","2","188"
"JGCsernansky;LWang;DRastogi-Cruz;JPosener;NBrickel;GHeydebrand;JPhilipMiller;MIMiller","Hippocampal Deformities in Schizophrenia Characterized by high Dimensional Brain mapping,","The American Journal of Psychiatry","2","189"
"MBakircioglu;UGrenander;NKhaneja;MIMiller","Curve Matching on Brain Surfaces Using Frenet Distances,","Human Brain Mapping","2","190"
"MichaelIMiller;MatthewCooper;JosephKostakis","The Information Theory of Sensor Fusion,"," ONR GTRI Workshop Target Tracking Sensor Fusion","2","191"
"MugeBakircioglu;SarangJoshi;MichaelIMiller","Landmark Matching on Brain Surfaces Via Large Deformation Diffeomorphisms on the Sphere,","Proceedings of the SPIE The International Society for Optical Engineering Medical Imaging","2","192"
"MIMiller;DLSnyder","The Application of Maximum Entropy and Maximum-Likelihood for Spectral Estimation,","Proc IEEE Intl Inform Theory Sympos IEEE Inform Theory Group p","2","193"
"MBakircioglu;SJoshi;MIMiller","Landmark Matching on the Sphere Via Large Deformation Diffeomorphisms,","Proceedings of SPIE The International Society for Optical Engineering Medical Imaging Image Processing","2","194"
"MIMiller;DLSnyder","The Role of Likelihood and Entropy in Incomplete-Data Problems: Applications to Estimating Point-Process Intensities and Toeplitz Constrained Covariances,","Proc of the IEEE","2","195"
"ABanerjee;GaryChristensen;JohnHaller;SarangJoshi;MichaelMiller;MarcusRaichle","Accommodating Anatomical Variability in Functional Imaging via Deformable Templates,","Proceedings of the th Annual Allerton Conference Communication Control and Computing University of at","2","196"
"MichaelIMiller;UlfGrenander;JosephASullivan;DonaldLSnyder","Automatic Target Recognition Organized via Jump-Diffusion Algorithms,","IEEE Transactions Image Processing","2","197"
"AyananshuBanerjee;GaryEChristensen;JohnGCsernansky;JohnWHaller;LeiWang;SarangCJoshi","Gaussian Random Fields on Sub-Manifolds for Characterizing Brain Surfaces ","IPMI Information Processing Medical Imaging","2","198"
"ArBarker;CEPriebe;MIMiller;MHosakari;JTRatnanather;LWang;MGado;JCMorris;JCCsernansky","Statistical Testing on Labelled Cortical Depth Maps to Identify Dementia Progression,","Proceedings of Joint Statistical Meetings","2","199"
"RCBarrett;AWMcCarthy;MIMiller;REMorley","Gaussian Convolutions on a Massively Parallel Processor,","Proc st Annu Conf Inform Sci and Syst","2","200"
"JGCsernansky;LWang;JSwank;JPMiller;MGado;DMcKeel;MIMiller;JCMorris","Hippocampal Volume and Shape Predicts Cognitive Decline in the Elderly,","Neuroimage","2","201"
"JGCsernansky;LWang;JSwank;JPMiller;MGado;DMcKeel;MIMiller;JCMorris","Hippocampal Volume and Shape Predicts Cognitive Decline in the Elderly,","World Alzheimer Congress Stockholm","2","202"
"JohnGCsernansky;LeiWang;DanielKido;MokhtarGado;JohnGMorris;MichaelIMiller","Hippocampal Morphometry in Dementia of the Alzheimer Type by Computer Algorithm,","Society of Neuroscience Abstracts","2","203"
"JohnCCsernansky;SarangJoshi;LeiWang;MokhtarGado;JPhilipMiller;UlfGrenander;MichaelIMiller","Hippocampal Morphometry in Schizophrenia by High Dimensional Brain Mapping ,","Proceedings of the National Academy of Science","2","204"
"MIMiller;DLSnyder;MJTurmon","Iterative Maximum-Likelihood Estimation of Toeplitz-Constrained Covariances,","Proc th Annu Allerton Conf Commun Contr and Computing","2","205"
"JohnGCsernansky;LeiWang;SarangJoshi;JPhilipMiller;MokhtarGado;DanielKido;DanielMcKeel;JohnCMorris;MichaelIMiller","Early DAT is Distinguished from Aging by High Dimensional Mapping of the Hippocampus,","Neurology","2","206"
"PierreMoulin;MichaelIMiller","Detection Bounds for Automatic Target Recognition in Compressed Domain,","ISIT","2","207"
"JohnGCsernansky;LeiWang;SarangJoshi;JPhilipMiller;MokhtarGado;DanielKido;DanielMcKeel;JohnCMorris;MichaelIMiller","Early DAT is Distinguished from Aging by High Dimensional Mapping of the Hippocampus,","First International Meeting of Alzheimer s Imaging Consortium DC","2","208"
"JO'Sullivan;StevenPJacobs;MichaelIMiller;DonaldLSnyder","A Likelihood-Based Approach to Joint Target Tracking and Identification,","Conference Record Twenty Seventh Asilomar Conference Signals Systems Computers volume","2","209"
"PDupuis;UGrenander;MIMiller","Variational Problems on Flows of Diffeomorphisms for Image Matching,","Quarterly J Applied Math ed D Mumford and W Freiberger","2","210"
"JosephO'Sullivan;MichaelDDeVore;VikasKedia;MichaelMiller","SAR ATR Performance Using a Conditionally Gaussian Model,","IEEE Transactions Aerospace and Electronic Systems Page","2","211"
"VanEssen;DC;Lewis;JW;Drury;HA;Hadjikhani;N;Tootell;RBH;Bakircioglu;M;Miller;MI","Mapping visual cortex in monkeys and humans using surface-based atlases,","Vision Research","2","212"
"JoelAPosener;LeiWang;JosephLPrice;MokhtarGado;MichaelAProvince;MichaelIMiller;CaseyMBabb;JohnGCsernansky","High Dimensional Mapping of the Hippocampus in Depression,","The American Journal of Psychiatry","2","213"
"MFoltz;ASrivastava;MIMiller;UGrenander","Detection of Multiple Airborne Targets from Multi-Sensor Data,","SPIE The International Society for Optical Engineering Proceedings Volume Radar Ladar Signal Processing and Applications","2","214"
"CPreza;MIMiller;LJThomas;;JGMcNally","A Regularized Linear Method for Reconstruction of -D Microscopic Objects from Optical Sections,","J Opt Soc Am A","2","215"
"DRFuhrmann;MIMiller","On the Existence of Positive Definite Maximum-Likelihood Estimates of Structured Covariance Matrices,","IEEE Trans Inform Theory","2","216"
"CEPriebe;MIMiller;JTRatnanather","Segmenting Magnetic Resonance Images via hierarchical Mixture Modellling,","Journal of the American Statistical Association","2","217"
"RRabbitt;JWiess;GEChristensen;MIMiller","Mapping of Hyperelastic Deformable Templates,","Proceedings of SPIE The International Society for Optical Engineering s Geometric Methods Applied Imaging San Diego Computer Animation","2","218"
"JTRatnanather;CJing;MIMiller","Computational Anatomy of the Brain,","National Partnership for Advanced Computational Infrastructure All Hands Meeting San Diego Supercomputer Center","2","219"
"JTRatnanather;PEBarta;NAHoneycutt;NGLee;HMMorris;ACDziorny;MKHurdal;GDPearlson;MIMiller","Dynamic programming generation of boundaries of local coordinatized submanifolds in the neocortex: application to the Planum Temporale ,","Neuroimage","2","220"
"DRFuhrmann;MIMiller","On the Singularity of Maximum-Likelihood Estimates of Structured Covariance Matrices,","Proc st Annu Conf Inform Sci and Syst","2","221"
"JoanGlaunès;MarcVaillant;MichaelIMiller","Landmark Matching via Large Deformation Diffeomorphisms on the Sphere,","Journal of Mathematical Imaging and Vision special issue of Mathematics and Image Analysis","2","222"
"UlfGrenander;MichaelIMiller","Computational Anatomy: An Emerging Discipline,","Quarterly of Applied Mathematics LVI","2","223"
"UGrenander;MIMiller","Computational Anatomy: An Emerging Discipline,","feature article Statistical Computing and Graphics Newsletter","2","224"
"JTRatnanather;KNBotteron;TNishino;ABMassie;RMLal;SGPatel;SPeddi;RDTodd;MIMiller","Validating Cortical Surface Analysis of Medial Prefrontal Cortex,","NeuroImage","2","225"
"UlfGrenander;MIMiller;GEChristensen","Deformable Anatomical Data Bases Using Global Shape Models: a Position Paper for the Electronic Imaging of the Human Body Workshop,","Proceedings of the Cooperative Working Group Whole Body D Electronic Imaging of the Human Body","2","226"
"BRoysam;MIMiller","Combining Stochastic and Syntactic Processing with Analog Computation Methods,","Digital Signal Process A Review Journal ed J","2","227"
"UGrenander;MIMiller;ASrivastava","Hilbert-Schmidt Lower Bounds for Estimators on Matrix Lie Groups for ATR,","IEEE Trans Pattern Analysis and Machine Intelligence","2","228"
"BRoysam;MIMiller","Grammars and Bayes Priors for Hierarchial Image Processing on Massively Parallel Processors,","Proc Allerton Conf","2","229"
"UlfGrenander;MichaelIMiller","Representation of Knowledge In Complex Systems with discussion section ,","Journal of the Royal Statitical Society","2","230"
"TJSchaewe;MIMiller","Parallel Algorithms for Maximum A-Posterori Estimation of Spin Density and Spin-Spin Decay in Magnetic Resonance Imaging,","IEEE Trans Med Imag","2","231"
"UlfGrenander;ASrivastava","Asymptotic Performance Analysis of Bayesian Object Recognition,","IEEE Transactions Information Theory pages","2","232"
"RMSchmich;MIMiller","Stochastic Models of the Fast and Slow Components of Synaptic Recovery and Post-Synaptic Action Potential Generation,","Proc Assoc for Res Otolaryngology th Midwinter Meeting p","2","233"
"JHaller;GEChristensen;MIMiller;MGado;DWMcKeel;JGCsernansky;MWVannier","A Comparison of Automated and Manual Segmentation of Hippocampus MR Images,","SPIE The International Society for Optical Engineering Proceedings of the Conference Medical Imaging San Diego","2","234"
"RMSchmich;MIMiller","Stochastic Intensity of Hodgkin-Huxley-Based Spike Generation Models,","Proc Assoc for Res Otolaryngology th Midwinter Research Meeting","2","235"
"RMSchmich;MIMiller","Stochastic Intensity of Neural Spike Discharge Based on Active Channel Dynamics,","Computational Neuroscience Academic Press","2","236"
"JHaller;GEChristensen;SCJoshi;MGado;MIMiller;MWVannier","Functional and structural mapping of human cerebral cortex: Solutions are in the surfaces,","Y Bizais C Braillot and R Di Paola editors Information Processing Medical Imaging th International Conference Kluwer Academic Publishers Precision and Accuracy of a High Dimensional Transformation and Segmentation of MR Images of the Hippocampus","2","237"
"RobertMSchmich;MichaelIMiller","Stochastic Threshold Characterization of the Intensity of Active Channel Dynamical Action Potential Generation,","The American Physiological Society","2","238"
"EliShusterman;MichaelIMiller;BixioRimoldi","Rate-Distortion Theoretic Codebook Design for Automatic Object Recognition,","IEEE Transactions Information Theory pages","2","239"
"KurtRSmith","Bayesian Inference of Regular Grammar and Markov Source Models ","NIPS Neural Information Processing Systems","2","240"
"JWHaller;ABanerjee;GEChristensen;AZSnyder;MIMiller;MERaichle","High Dimensional Transformation of PET and MRI to Atlas Space,"," Intl Conf Functional Mapping of the Human Brain","2","241"
"JHaller;GEChristensen;SCJoshi;JWNewcomer;MIMiller;JGCsernansky;MWVannier","Hippocampal MR Imaging Morphometry By Means of General Pattern Matching,","Radiology","2","242"
"JHaller;GEChristensen;SCJoshi;MIMiller;MGado;JCsernansky;MWVannier","MRI Segmentation Using High Dimensional Transformations of a Digital Atlas,","Poster at American of Neuropsychopharmacology Conference San Juan Puerto Rico","2","243"
"RobertEHogan;KevinEMark;LeiWang;SarangJoshi;MichaelIMiller;RichardDBucholz","MR Imaging Deformation-Based Segmentation of the Hippocampus in Patients with Mesial Temporal Sclerosis and Temporal Lobe Epilepsy,","Epilepsia Suppl page","2","244"
"DLSnyder;MIMiller;TJSchulz","Constrained Probability-Density Estimation from Noisy Data,","Proc Annu Conf Inform Sci and Syst","2","245"
"REHogan;KEMark;LWang;SJoshi;MIMiller;RDBucholz","Mesial Temporal Sclerosis and Temporal Lobe Epilepsy: MR Imaging Deformation-based Segmentation of the Hippocampus in Five Patients,","Radiology","2","246"
"DonaldSnyder;DGPolitte;MIMiller","A Case Study in Statistical Image Processing: Positron Emission Tomography, - ","Spatial Statistics and Imaging A Possolo Ed Monograph Series Institute of Mathematical Statistics Computer Animation","2","247"
"SJacobs;JosephAO'Sullivan;MFaisal;ASrivastava;DLSnyder;MIMiller","Automatic Target Recognition Using Sequences of High Resolution Radar Range Profiles,","ESSRL Monograph number ESSRL","2","248"
"DLSnyder;MIMiller;LJThomas;;DGPolitte","Noise and Edge Artifacts in Maximum-Likelihood Reconstruction for Emission Tomography,","IEEE Trans Med Imag","2","249"
"AvinashJain;KannanRamchandran;PierreMoulin","Information-Theoretic Bounds on Target Recognition Performance Based on Degraded Image Data ","IEEE Transactions Pattern Analysis and Machine Intelligence","2","250"
"DLSnyder;MIMiller","Random Point Processes in Time and Space,"," ed New Springer Verlag","2","251"
"AJain;PMoulin;MIMiller;KRamchandran","Information-Theoretic Bounds on Target Recognition Performance Based on Degraded Image Data,","IEEE Transactions Pattern Analysis and Machine Intelligence pages","2","252"
"DLSnyder;MIMiller","Estimation Under Quantum-Limited Conditions,","Topical Meeting Quantum Limited Imaging and Image Process Technical Digest Opt Soc Am","2","253"
"DLSnyder;MIMiller","The Use of Grenander's Sieves in Quantum-Limited Imaging,","Proc th Annu Allerton Conf Commun Contr and Computing p","2","254"
"AvinashJain;PMoulin;MIMiller;KRamchandran","Performance Bounds for ATR based on Compressed Data,","Proc th Army Compression Workshop","2","255"
"DonaldSnyder;JAO'Sullivan;MIMiller","The Use of Maximum-Likelihood Estimation for Forming Images of Diffuse Radar-Targets from Delay-Doppler Data,","IEEE Trans Inform Theory","2","256"
"DCVanEssenHDrurySJoshi;MIMiller","Functional and Structural Mapping of Human Cerebral Cortex: Solutions Are In the Surfaces,","Proceedings of the National Academy of Science","2","257"
"DLSnyder;MIMiller","The Use of Sieves to Stabilize Images Produced with the EM Algorithm for Emission Tomography,","IEEE Trans Nucl Sci","2","258"
"ASrivastava;MIMiller;UGrenander","Bayesian Automated Target Recognition"," Handbook of Video and Image Processing editor Alan Bovik","2","259"
"AnujSrivastava;UlfGrenander","Hilbert-Schmidt Lower Bounds for Estimators on Matrix Lie Groups for ATR ","IEEE Transactions Pattern Analysis and Machine Intelligence","2","260"
"SJoshi;MIMiller;GEChristensen;ABanerjee;TCoogan;UGrenander","Hierarchical Brain Mapping via A Generalized Dirichlet Solution for Mapping Brain Manifolds,","Vision Geometry IV Proceedings of the SPIE The International Society for Optical Engineering s International Symposium Optical Science Engineering and Instrumentation San Diego Computer Animation","2","261"
"SJoshi;MIMiller","Landmark Matching Via Large Deformation Diffeomorphisms,","IEEE Transactions Image Processing pages","2","262"
"SJoshi;MIMiller","Maximum a Posteriori estimation with Good's Roughness for Optical Sectioning Microsopy,","Optical Society of America A","2","263"
"SJoshi;JWang;MIMiller;DCVanEssen;UGrenander","On the Differential Geometry of the Cortical Surface,","Vision Geometry IV Proceedings of the SPIE The International Society for Optical Engineering s International Symposium Optical Science Engineering and Instrumentation San Diego Computer Animation","2","264"
"ASrivastava;UGrenander;GRJensen;MIMiller","Jump-Diffusion Markov Processes on Orthogonal Groups for Object Recognition,","Journal of Statistical Planning and Inference Issues pages","2","265"
"SJoshi;MichaelIMiller;UlfGrenander","On the Geometry and Shape of Brain Sub-Manifolds,","International Journal of Pattern Recognition and Artificial Intelligence","2","266"
"ASrivastava;MIMiller;UGrenander","Jump-Diffusion Processes on Matrix Lie Groups for Bayesian Inference,","IEEE HOS Workshop","2","267"
"NKaramanos;MIMiller","A New Method for Estimating Stimulus and Refractory Related Functions from Auditory-Nerve Discharges,","Basic Issues Hearing ed H Duifhuis et Academic Press","2","268"
"ASrivastava;MIMiller;UGrenander","Lie Group Parameterization for Dynamics Based Prior In ATR,","Sixth Digital Signal Processing Workshop","2","269"
"NKhaneja;UlfGrenander","Dynamic Programming Generation of Curves on Brain Surfaces ","IEEE Transactions Pattern Analysis and Machine Intelligence","2","270"
"ASrivastava;MIMiller;UGrenander","Multiple Target Direction of Arrival Tracking,","IEEE Transactions Signal Processing","2","271"
"ASrivastava;MCooper;UGrenander","Multi-Sensor Fusion and Performance Analysis of ATR,","Proc FUSION","2","272"
"NKhaneja;MIMiller;UGrenander","Dynamic Programming Generation of Geodesics and Sulci on Brain Surfaces,","IEEE Trans Pattern Analysis and Machine Intelligence","2","273"
"AnujSrivastava;AaronDLanterman;UlfGrenander;MarcLoizeaux;MichaelIMiller","Monte Carlo Techniques for Automated Target Recognition,","Sequential Monte Carlo Methods Practice eds Arnaud Doucet Nando Freitas Neil Gordon Springer Verlag","2","274"
"JKostakis;MatthewCooper;ThomasJGreen;;MichaelIMiller;JosephAO'Sullivan;JeffreyHShapiro;DonaldLSnyder","Multispectral Active-Passive Sensor Fusion for Ground-Based Target Orientation Estimation,","Proc SPIE The International Society for Optical Engineering Automatic Target Recognition VIII Ed Firooz A Sadjadi","2","275"
"ASrivastava;MIMiller;UGrenander","Ergodic Algorithms on Special Euclidean Groups for ATR,","Syst and Contr the st Century Birkha ser","2","276"
"JosephKostakis;MatthewCooper;ThomasJGreen;;MichaelIMiller;JosephAO'Sullivan;DonaldLSnyder","Multispectral Sensor Fusion for Ground-Based Target Orientation Estimation: FLIR, LADAR, HRR,","Proc SPIE The International Society for Optical Engineering Automatic Target Recognition IX Ed Firooz A Sadjadi","2","277"
"ASrivastava;MIMiller;UlfGrenander","Ergodic Algorithms on Special Euclidean Groups for ATR,","Proceedings MTNS Publisher Birkhauser","2","278"
"MJTurmon;MIMiller","Maximum-Likelihood Estimation of Complex Sinusoids and Toeplitz Covariances,","IEEE Trans Signal Process","2","279"
"MJTurmon;MIMiller","Simulation Results for Maximum-Likehood Estimation of Toeplitz Constrained Covariances,","Proc st Annu Conf Inform Sci and Syst p","2","280"
"MFBeg;GBhanot;MIMiller;JTRatnanather;RWalkup;LYounes","Computing Geodesic Distances on Anatomies,","NPACI All Hands Meeting UCSD Supercomputer Center","2","281"
"MFaisalBeg;MichaelIMiller;AlainTrouve;LaurentYounes","Computing Metrics via Geodesics on Flows of Diffeomorphisms,","International Journal of Computer Vision","2","282"
"MFaisalBeg;MichaelMiller;AlainTrouve;LaurentYounes","Computational Anatomy: Computing Metrics on Anatomical Shapes,"," IEEE Symposium Biomedical Imaging","2","283"
"MFaisalBeg;DmitryBitouk;MichaelIMiller;LaurentYounes","Metrics for Computational Anatomy and Image Analysis,","NPACI All Hands Meeting San Diego SuperComputing Center UCSD","2","284"
"MFBeg;AMajethia;MBrowne;THKaiser;MMartone;KFWong;ABMassie;JHomer;JTRatnanather;MIMiller","Enhancing tools to manipulate anatomical images: a step towards a deferated neuroscience image database,","NPACI All Hands Meeting San Diego Supercomputer Center Jolla Computer Animation","2","285"
"ALanterman;MIMiller;DLSnyder","Automatic Target Recognition via the Simulation of Infrared Scenes,","Proc of the Sixth Annual Ground Target Modeling and Validation Conference Keweenaw Research Center Tech Univ","2","286"
"LEBergeron;AJGoldberg;SYKwon;MIMiller","A Robust Adaptive Transform Coder for Kb/s Speech Transmission,","Proc Intl Conf Acoust Speech Signal Process","2","287"
"MLoizeaux;ASrivastava;MIMiller","Estimation of Pose and location of Ground-Targets for ATR,","Proceedings SPIE The International Society for Optical Engineering the International Society fo rOptical Engineering X Issue","2","288"
"DmitriBitouk;MichaelIMiller;Laurentyounes","Clutter Metrics for ATR,","IEEE Transactions Pattern Analysis and Machine Intelligence","2","289"
"KEMark;MIMiller","Bayesian Model Selection and Minimum Description -D Length Estimation of Auditory-Nerve Discharge Rates,","J Acoust Soc Am","2","290"
"DmitriBitouk;UlfGrenander;MichaelIMiller;ParitoshTyagi","Fisher information in transported generator clutter models,","AeroSense Automatic Target Recognition XI SPIE The International Society for Optical Engineering Proceedings","2","291"
"KEMark;MIMiller;UGrenander","Constrained Stochastic Language Models,","Image Models and their Speech Model Cousins ed S Levinson and L Shepp New Springer Verlag","2","292"
"DmitriBitouk;MichaelIMiller;LaurentYounes","Empirically generated Metric Spaces for ATR in Clutter,","Proceedings of the th Asilimor Conference signals Systems and Computers","2","293"
"KMark;MichaelIMiller;UlfGrenander","Parameter Estimation for Constrained Context Free Language Models,","DARPA Speech and Natural Language Workshop","2","294"
"LevyBucholz;AbedMarzouk;HendersonMichaelMiller","A Patient Specific Deformable Brain Atlas Accounting for Structural Variability Between Individual Patients,","AANS","2","295"
"MIMiller;ABMassie;JTRatnanather;KNBotteron;JGCsernansky","Bayesian construction of geometrically based cortical thickness metrics,","Neuroimage","2","296"
"ASrivastava;UGrenander","Conditional-Mean Estimation via Jump-Diffusion Processes in Multiple Target Tracking/Recognition,","IEEE Transactions Signal Processing","2","297"
"MIMiller;CSButler"," -D Maximum A-Posteriori Estimation of SPECT on Massively Parallel Computers,","IEEE Trans Med Imag","2","298"
"MIMiller;LYounes","Group Actions, Homeomorphisms, and Matching: A General Framework,","International Journal of Computer Vision Volume pages","2","299"
"MIMiller;MHosakere;ARBarker;CEPriebe;NLee;JTRatnanather;LWang;MGado;JCMorris;JGCsernansky","Labeled cortical mantle distnace maps quantify differences between dementia of the Alzheimer type and healthy aging,","Proceedings of the National Academy of Sciences pg","2","300"
"AaronDLanterman;UlfGrenander","Bayesian Segmentation via Asymptotic Partition Functions ","IEEE Transactions Pattern Analysis and Machine Intelligence","2","301"
"AaronLanterman;MatthewLCooper;MichaelIMiller","Efficient Estimation of Thermodynamic State Incorporating Bayesian Model Order Selection,","Automatic Target Recognition IX SPIE The International Society for Optical Engineering Proc","2","302"
"ADLanterman;MIMiller;DLSnyder","General Metropolis-Hastings Jump Diffusions for Automatic Target Recognition in Infrared Scenes,","J Opt Engineering","2","303"
"ADLanterman;MIMiller;DLSnyder;WJMiceli","Jump-diffusion Processes for the Automated Understanding of FLIR Scenes,","Automatic Object Recognition IV Proc SPIE The International Society for Optical Engineering Ed Firooz J Sadjadi","2","304"
"MWVannier;MIMiller;UGrenander","Modeling and Data Structure for Registration to a Brain Atlas of Multidimentional Images,","Functional Neuroimaging ed L Thatcher et New Academic Press","2","305"
"ADLanterman;JAO'Sullivan;MIMiller","Kullback-Liebler Distances for Quantifying Clutter and Models,","Optical Engineering","2","306"
"LWang;JSSwank;IEGlick;MGado;MIMiller;JCMorris;JGCsernansky","Changes in Hippocampal Volume and Shape Across Time Distinguis Dementia of the Alzheimer Type from Healthy Aging,","NeuroImage","2","307"
"ALanterman;MIMiller;DLSnyder","Implementation of Jump-diffusion Algorithms for Understanding FLIR Scenes,","Automatic Object Recognition V Proc SPIE The International Society for Optical Engineering Ed Firooz A Sadjadi","2","308"
"LeiWang;MichaelIMiller","Construction of Statistical Templates for Cross-Modality Mapping,","Proceedings of the First Aachen Conference Neuropsychology Neurosurgery Psychiatry and Neurology Aachen","2","309"
"LeiWang;JingCui;MichaelIMiller","Validating High-Dimensional Transformations of the Hippocampus,","NeuroImage Proceedings of the Fourth International Conference Functional Mapping of the Human Brain Montreal","2","310"
"ADLanterman;DLSnyder;MIMiller","Extension of Good's Roughness for maximum Penalized-Likelihood Estimation for Emission Tomography,","IEEE Trans Medical Imaging","2","311"
"LeiWang;MichaelIMiller","Large-Deformation Image Matching Via Volume Imagery,","Proceedings of the International Symposium Optical Science Engineering and Instrumentation SPIE The International Society for Optical Engineering s rd Annual Meeting San Diego","2","312"
"ADLanterman;MIMiller;DLSnyder","Representations of Shape for Structural Inference in Infrared Scenes,","Proc SPIE The International Society for Optical Engineering th Annu Intl Sympos Aerosp Defense Sensing Simulation and Contr","2","313"
"LWang;JSSwank;MIMiller;JCMorris;JGCsernansky","Progressive Hippocampal Atrophy Distinguishes DAT and Healthy Aging,","Annual Meeting of the Society for Neuroscience","2","314"
"ALanterman;MIMiller;DLSnyder","Representations of Thermodynamic Variability in the Automated Understanding of FLIR Scenes,","Automatic Object Recognition Proc SPIE The International Society for Optical Engineering Ed Firooz A Sadjadi","2","315"
"JWang;MIMiller;ATOgielski","A Stochastic Model of Synaptic Transmission and Auditory Nerve Discharge, Part I ,","Computation Neurons and Neural Systems ed F Eckman","2","316"
"ALanterman;MIMiller;DLSnyder","The Unification of Detection, Tracking, and Recognition for Millimeter Wave and Infrared Sensors,","Radar Ladar Processing Proc SPIE The International Society for Optical Engineering Ed William J Miceli","2","317"
"JWang;MIMiller;ATOgielski","A Stochastic Model of Synaptic Transmission and Auditory Nerve Discharge, Part II ,","Computation Neurons and Neural Systems ed F Eckman","2","318"
"LeiWang;SarangCJoshi;MichaelIMiller;JohnGCsernansky","Statistical Analysis of Hippocampal Asymmetry in Schizophrenia,","NeuroImage","2","319"
"LeiWang;SarangCJoshi;MichaelIMiller;JohnGCsernansky","Statistical Analysis of Hippocampal Asymmetry in Schizophrenia,","Annual Meeting of the Society for Neuroscience New Orleans","2","320"
"LevyBucholz;SchaeweMarzouk;KurtSmithMIMiller;AbedHenderson","The Determination of an Ideal Pallidotomy Target By the Incorporation of Intraoperative Physiological Recordings Deformed Into a Patient Specific Brain Atlas,","AANS","2","321"
"CSButler;MIMiller","Maximum A-Posteriori Estimation for SPECT using Regularization Techniques on Massively-Parallel Computers,","IEEE Trans Med Imag","2","322"
"CSButler;MIMiller;TRMiller;JWWallis","Massively Parallel Computers for -D Single-Photon-Emission Computed Tomography,","Phys Med Biol","2","323"
"CCeritoglu;DBitouk;MIMiller;HASchmitt","Asymptotic Performance in ATR in Infrared Images,","SPIE The International Society for Optical Engineering","2","324"
"SCChen;TJSchaewe;RSTeichman;MIMiller;SNNadel;ASGreen","Parallel Algorithms for Maximum-Likelihood Nuclear Magnetic Resonance Spectroscopy,","J Magn Reson Series A","2","325"
"MIMiller","Algorithms for Removing Recovery Related Distortion from Auditory-Nerve Discharge Patterns,","J Acoust Soc Am","2","326"
"GaryChristensen;RDRabbitt;MIMiller"," D Brain Mapping Using a Deformable Neuroanatomy,","Physics Med and Biol","2","327"
"MIMiller;SCJoshi;GEChristensen","Large Deformation Fluid Diffeomorphisms For Landmark and Image Matching"," Brain Warping Academic Press San Diego Computer Animation","2","328"
"GaryChristensen;MIMiller;MWVannier","A D Deformable Magnetic Resonance Textbook Based on Elasticity,","Proceedings of the American Association for Artificial Intelligence Symposium Applications of Computer Vision Medical Image Processing University","2","329"
"MIMiller;SCJoshi;DRMaffitt;JGMcNally;UGrenander","Membranes, Mitochondria, and Amoebae: , , and Dimensional Shape Models,","Advances Applied Statistics ed K Mardia England Carfax II","2","330"
"GChristensen;RDRabbitt;MIMiller","A Deformable Neuroanatomy Textbook Based On Viscous Fluid Mechanics,","Invited paper Prince and Runolfsson editors Proceedings of the Conference Information Sciences and Systems Johns University","2","331"
"DRFuhrmann;JAO'Sullivan;DLSnyder","Maximum-Likelihood Methods for Toeplitz Covariance Estimation and Radar Imaging","","2","332"
"GEChristensen;JFWilliamson;KSCChao;MIMiller;FBSo;MWVannier","Deformable Anatomical Templates for Brachytherapy Treatment Planning in Radiotherapy of Cervical Cancer,","Vision Geometry eds R A Metter A Y Wu and L J Latecki SPIE The International Society for Optical Engineering","2","333"
"MIMiller;DRFuhrmann","Maximum-Likelihood Narrow-Band Direction Finding and the EM Algorithm,","IEEE Acoust Speech and Signal Process","2","334"
"GChristensen;RichardDRabbitt;MichaelIMiller","Deformable Templates Using Large Deformation Kinematics,","IEEE Transactions Image Processing","2","335"
"MIMiller;DLSnyder;TRMiller","Maximum-Likelihood Reconstruction for Single-Photon Emission Computed-Tomography,","IEEE Trans Nucl Sci","2","336"
"MIMiller;DRFuhrmann","Maximum-Likelihood Estimation of Direction of Arrivals of Multiple Narrowband Signals in Noise,","Proc st Annu Conf Inform Sci and Syst","2","337"
"MIMiller;ASGreene","Maximum-Likelihood Estimation for Nuclear Magnetic Resonance Spectroscopy,","J Magn Reson","2","338"
"MIMiller;SCChen;DAKeufler;DAD'Avignon","Maximum-Likelihood Estimation and the EM Algorithm for -D NMR Spectroscopy,","J Magn Reson Series A","2","339"
"MIMiller;KBLarson;JRSaffitz;DLSnyder;LJThomas;","Maximum-Likelihood Estimation Applied to Electron-Microscopic Autoradiography,","J Electron Microscopy Technique","2","340"
"RLWinslow;PHelm;WBaumgartner;JTRatnanather;SPeddi;EMcVeigh;MIMiller","A Heart Failure Knowledgebase Combining Experimental Data with Tools for Integrative Biological Modeling,","The Novartis Foundation Symposium Silico Simulation of Biological Processes University London","2","341"
"LaurentYounes","Group Actions, Homeomorphisms, and Matching: A General Framework ","International Journal of Computer Vision","2","342"
"SongChunZhu;MichaelIMiller","Clutter, Occlusion and Performance Analysis in Target Detection,","Workshop Target Detection Heavy Clutter","2","343"
"SongChunZhu;AaronLanterman;MichaelIMiller","Clutter Modeling and Performance Analysis in Automatic Target Recognition,","Workshop Detection and Classification of Difficult Targets Redstone Arsenal","2","344"
"TedKaehler;HadonNash;MarkMiller;","Betting, Bribery, and Bankruptcy-A Simulated Economy that Learns to Predict","IEEE CompCon Proceedings Appearing The Ecology of Computation North Press Elsevier","3","345"
"KennethMKahn;EricDeanTribble;MarkSMiller;DanielGBobrow;","Objects in Concurrent Logic Programming Languages","OOPSLA Conference Object Oriented Programming Systems Languages and Applications","3","346"
"KenKahn;EDeanTribble;MarkMiller;DannyBobrow;inConcurrentProlog:CollectedPapers","Vulcan: Logical Concurrent Objects","","3","347"
"KenKahn;MarkMiller","Language Design and Open Systems","","3","348"
"MarkMiller;KEricDrexler","Comparative Ecology: A Computational Perspective","","3","349"
"MarkSMiller;ChipMorningstar;BillFrantz;","Capability-based Financial Instruments"," Proceedings of Financial Cryptography Springer Verlag","3","350"
"MarkMiller;Ka-PingYee;JonathanShapiro","Capability Myths Demolished,","HP Tech Report HPL Johns Tech Report SRL","3","351"
"MarkSMiller;DanielGBobrow;EricDeanTribble;JacobLevy;","Logical Secrets","the Proceedings of the International Conference Logic Programming ICLP International Conference Logic Programming and Concurrent Prolog Collected Papers","3","352"
"MarkSMiller;","Learning Curve","a book review of John s Hidden Order Reason Magazine","3","353"
"MarkMiller;KEricDrexler","Markets and Computation: Agoric Open Systems","","3","354"
"CurtisAbbott;DanielGBobrow;EhudYShapiro;EricDeanTribble;KennethMKahn","Channels: A Generalization of Streams ","ICLP International Conference Logic Programming","3","355"
"DanielGBobrow;EricDeanTribble;KennethMKahn","Objects in Concurrent Logic Programming Languages ","OOPSLA Conference Object Oriented Programming Systems Languages and Applications","3","356"
"DanielGBobrow;DavidSFogelsong","Definition Groups: Making Sources into First-Class Objects ","Research Directions Object Oriented Programming","3","357"
"DanielGBobrow;EricDeanTribble;KennethMKahn","Vulcan: Logical Concurrent Objects ","Research Directions Object Oriented Programming","3","358"
"DanielGBobrow;EricDeanTribble;JacobLevy","Logical Secrets ","ICLP International Conference Logic Programming","3","359"
"KEricDrexler;MarkMiller","Incentive Engineering for Computational Resource Management","","3","360"
"DanielFogelsong;DannyBobrow;MarkMiller;","Definition Groups: Making Sources into First Class Objects","Research Directions Object Oriented Programming","3","361"
"BillFrantz;ChipMorningstar","Capability-Based Financial Instruments ","Financial Cryptography","3","362"
"SusanHirsh;KenKahn;MarkMiller;","Interming: Unifying Keyword and Positional Notations","Xerox PARC tech report","3","363"
"MarkSMiller;DavidKrieger;EDeanTribble;","An Introduction to Agoric Computation","Agorics tech report ADd P","3","364"
"MarkSMiller;DavidKrieger;","An Automated Auction in ATM Network Bandwidth","Market Based Control Sun Labs tech report SML","3","365"
"MarkSMiller;JonathanShapiro","Paradigm Regained: Abstraction Mechanisms for Access Control,","HP Tech Report HPL Johns Tech Report SRL Proceedings of ASIAN Asian Computing Science Conference edited by Vijay Saraswat Springer Verlag","3","366"
"MarkSMiller;DavidKrieger;EDeanTribble;NormHardy;","Architectural Issues in Agoric Open Systems","Agorics tech report ADd P","3","367"
"MarkSMiller;DavidKrieger;EDeanTribble;","Real Time Video Delivery with Market-based Resource Allocation","Agorics tech report","3","368"
"MarkSMiller;MarcStiegler","The Digital Path: Smart Contracting and the Third World","Austrian Perspectives the Internet Economy Routledge","3","369"
"EricDeanTribble;MarkSMiller;KennethMKahn;DanielGBobrow;CurtisAbbott;EhudYShapiro;","Channels: A Generalization of Streams","ICLP International Conference Logic Programming","3","370"
"EDeanTribble;MarkSMiller;NormHardy;DavidKrieger;","Joule: Distributed Application Foundations","","3","371"
"MarkMillerwithEDeanTribble;RaviPandya;MarcStiegler;","The Open Society and its Media","Prospects Nanotechnology","3","372"
"BillTulloh;MarkSMiller","Institutions as Abstraction Boundaries: Negotiated Categories and the Self-Reorganization of the Market Order"," Economics Philosophy Information Technology The Intellectual Contributions of Don Lavoie edited by Jack High George University","3","373"
"Ka-PingYee;MarkSMiller","Auditors: An Extensible, Dynamic Code Verification Mechanism","HP Tech Report preparation","3","374"
"JYin;MSMiller;TRIoerger;JYen;RAVolz","A Knowledge-Based Approach for Designing Intelligent Team Training Systems,","Proceedings of the Fourth International Conference Autonomous Agents Barcelona acceptance rate","4","375"
"JianwenYin;JohnYen;RichardAVolz;ThomasRIoerger","Training Teams with Collaborative Agents ","Intelligent Tutoring Systems","4","376"
"CongChen;JohnYen;KaivanKamali;RichardAVolz;RuiWang;ShuangSun;XiaocongFan","Formal semantics and communication strategies for proactive information delivery among team-based agents ","AAMAS Autonomous Agents Multiagent Systems","4","377"
"JMDHill;MSMiller;JYen;UWPooch","Tactical Event Resolution Using Software Agents, Crisp Rules, and a Genetic Algorithm,","Advanced Simulation Technologies Conference ASTC DC","4","378"
"MSMiller;RAVolz","Training for Teamwork,","The th World Multi Conference Systemics Cybernetics and Informatics","4","379"
"MSMiller;JYin;TRIoerger;JYen;RAVolz","Training Teams with Collaborative Agents,","Proceedings of the Fifth International Conference Intelligent Tutoring Systems Montreal","4","380"
"DXu;MSMiller;RAVolz;TRIoerger","Collaborative Agents for C Teamwork Simulation,","Proceedings of the International Conference Artificial Intelligence Las Vegas II acceptance rate","4","381"
"DianxiangXu;JianwenYin;JohnYen;RichardAVolz;ThomasRIoerger","CAST: Collaborative Agents for Simulating Teamwork ","IJCAI International Joint Conference Artificial Intelligence","4","382"
"DianxiangXu;JessePlymale;RichardAVolz","Human-Agent Teamwork for Distributed Team Training ","ICTAI International Conference Tools with Artificial Intelligence","4","383"
"JYen;JYin;TRIoerger;MSMiller;DXu;RAVolz","CAST: Collaborative Agents for Simulating Teamwork,","Seventeenth International Joint Conference Artificial Intelligence acceptance rate","4","384"
"JianwenYin;JohnYen;RichardAVolz;ThomasRIoerger","A knowledge-based approach for designing intelligent team training systems ","Agents","4","385"
"IngemarJCox;JeffreyABloom","Informed Embedding: Exploiting Image and Detector Information During Watermark Insertion ","ICIP International Conference Image Processing","5","386"
"Gwena&euml;lJDo&euml;rr;IngemarJCox","Informed Embedding for Multi-bit Watermarks ","IWDW International Workshop Digital Watermarking International","5","387"
"IngemarJCox;PeterNYianilos;StephenMOmohundro","Target Testing and the PicHunter Bayesian Multimedia Retrieval System ","ADL Advances Digital Libraries","5","388"
"IngemarJCox;PeterNYianilos;ThomasPMinka","An Optimized Interaction Strategy for Bayesian Relevance Feedback ","CVPR Computer Vision and Pattern RecognitioN","5","389"
"JeffreyABloom","Computing the Probability of False Watermark Detection ","Information Hiding","5","390"
"DennisJUnderwood;RobertPSheridan;SimonKKearsley","FLOG: A system to select 'quasi-flexible' ligands complementary to a receptor of known three-dimensional structure ","Journal of Computer Aided Molecular Design","6","391"
"DennisJUnderwood;RobertPSheridan;SimonKKearsley","Flexibases: A way to enhance the use of molecular docking methods ","Journal of Computer Aided Molecular Design","6","392"
"BradleyPFeuston;JChristopherCulberson;RobertBNachbar;SimonKKearsley","Comparison of Knowledge-Based and Distance Geometry Approaches for Generation of Molecular Conformations ","Journal of Chemical Information and Computer Sciences","6","393"
"RobertPSheridan","A Method for Visualizing Recurrent Topological Substructures in Sets of Active Molecules ","Journal of Chemical Information and Computer Sciences","6","394"
"DennisJUnderwood;RobertPSheridan;SimonKKearsley","Chemical Similarity Using Geometric Atom Pair Descriptors ","Journal of Chemical Information and Computer Sciences","6","395"
"DArnold;SAgrawal;SBlackford;JDongarra;SVadhiyar;KSagi;ZShi","Users' Guide to NetSolve v ,","University of Computer Science Technical Report CS","7","396"
"HCasanova;JDongarra;CRJohnson","Application-specific Toolkits,","The Grid Blueprint for a New Computing Infrastructure I Foster and C Kesselman eds Morgan Kaufman Publishers San Francisco","7","397"
"HCasanova;TBartol;FBerman;ABirnbaum;JDongarra;MEllisman;MFaerman;GObertelli;SPomerantz;TSejnowski;JStiles;RWolski","The Virtual Instrument: Support for Grid-enabled Scientific Simulations,","Journal of Parallel and Distributed Computing","7","398"
"CharlesDHansen;ChristopherRJohnson;StevenGParker","Computational Steering and the SCIRun Integrated Problem Solving Environment ","Scientific Visualization","7","399"
"CharlesDHansen;ChristopherRJohnson;StevenGParker","Simulation Steering with SCIRun in a Distributed Environment ","HPDC High Performance Distributed Computing Symposium","7","400"
"CharlesDHansen;ChristopherRJohnson","Simulation Steering with SCIRun in a Distributed Environment ","PARA Applied Parallel Computing","7","401"
"CharlesDHansen;ChristopherRJohnson","The SCIRun Problem Solving Environment: Implementation Within a Distributed Environment ","PPSC SIAM Conference Parallel Processing for Scientific Computing","7","402"
"CMoulding;JDongarra;CJohnson","Grid-Enabling Problem Solving Environments: A Case Study of SCIRun and NetSolve,","Proceedings of the High Performance Computing Symposium HPC Advanced Simulation Technologies Conference Society for Modeling and Simulation International","7","403"
"CHansen;CRJohnson","Simulation Steering with SCIRun in a Distributed Environment,","Applied Parallel Computing th International Workshop PARA Applied Parallel Computing B Kagstrom J Dongarra E Elmroth and J Wasniewski eds Springer Verlag","7","404"
"CDHansen;SGParker;CRJohnson","Simulation Steering with SCIRun in a Distributed Environment,","Proceedings of the Seventh IEEE International Symposium High Performance Distributed Computing IEEE Press extended abstract and poster presentation","7","405"
"SGParker;CDHansen;CRJohnson","An Integrated Problem Solving Environment: The SCIRun Computational Steering System,","Proceedings of the st International Conference System Sciences HICSS INTERNATIONAL CONFERENCE SYSTEM SCIENCES VII IEEE Press","7","406"
"PhilipKChan;SalvatoreJStolfo;WeiFan;WenkeLee","Using Artificial Anomalies to Detect Unknown and Known Network Intrusions ","ICDM IEEE International Conference Data Mining","8","407"
"ErezZadok;SalvatoreJStolfo;WeiFan;WenkeLee","Toward Cost-Sensitive Modeling for Intrusion Detection and Response ","Journal of Computer Security","8","408"
"SalvatoreJStolfo;WeiFan;WenkeLee","A Multiple Model Cost-Sensitive Approach for Intrusion Detection ","ECML European Conference Machine Learning","8","409"
"","Context Shifts and Clashes in Dialogues: An Active Logic Perspective ","Fundam Inform","9","410"
"DonaldPerlis","Automated Inference in Active Logics ","Journal of Applied Non Classical Logics","9","411"
"DonaldPerlis;MadhuraNirkhe;SaritKraus","How to Plan to Meet a Deadline between Now and Then ","Journal of Logic and Computation","9","412"
